Emp ID, First Name, Last Name, DOB, SSN, State
232,John,Mathews,02/24/91,***-**-9165,ND
533,Nathan,Moore,11/19/78,***-**-7469,ME
256,Amanda,Douglas,01/08/90,***-**-6961,ID
189,Heather,Andrews,08/11/76,***-**-1797,VT
284,Daniel,Hernandez,07/22/76,***-**-7473,CO
512,Danny,Pena,01/31/78,***-**-9878,MN
126,Gary,Knight,03/08/94,***-**-1242,AR
556,Robin,Carroll,10/14/72,***-**-7194,CA
595,Michelle,Dickerson,02/08/84,***-**-2817,TN
191,Kimberly,Gallegos,08/05/72,***-**-7563,OR
55,Morgan,Parker,01/30/86,***-**-4320,TN
623,Mason,Rhodes,01/28/77,***-**-4767,MD
426,Amy,Griffin,02/18/73,***-**-1946,MA
535,Danielle,House,04/16/75,***-**-9308,ME
399,Charles,Greene,11/28/92,***-**-2935,KY
33,Nicholas,Martinez,04/05/79,***-**-1689,LA
302,Tracey,Meadows,01/12/88,***-**-6175,RI
325,Renee,Evans,03/14/91,***-**-2708,MT
188,Joseph,Estrada,03/29/84,***-**-2571,PA
184,Jeremy,Warner,10/20/87,***-**-1184,AL
526,Anthony,Rodriguez,02/09/83,***-**-3865,ID
85,Kristen,Lopez,01/02/78,***-**-8194,VA
171,Mark,Mcdonald,06/27/84,***-**-0101,MT
74,Robert,Freeman,01/01/84,***-**-5211,AR
69,Michael,Reynolds,10/30/94,***-**-8507,CA
365,Kristine,Little,07/10/74,***-**-1771,SD
149,April,Barnes,02/15/83,***-**-3288,RI
218,Pamela,Hodges,02/19/89,***-**-1423,UT
647,Ronald,Gilbert,05/26/74,***-**-4448,WY
518,Thomas,Cooper,08/17/72,***-**-9890,CO
12,Dakota,Harrington,08/24/72,***-**-7188,VA
622,Jennifer,Porter,01/20/91,***-**-5572,WI
159,Beverly,Jordan,08/15/86,***-**-3762,NM
394,Mark,Brown,04/02/75,***-**-8531,CA
158,Amy,Ford,06/05/74,***-**-6461,NC
446,Benjamin,King,05/07/73,***-**-8165,RI
352,Stephen,Bryant,05/15/91,***-**-6488,SD
598,Brandi,Williams,10/15/89,***-**-8500,MD
505,Ashley,Hutchinson,04/26/94,***-**-1510,SC
173,Alisha,Pacheco,01/13/82,***-**-2496,MI
84,Robert,Campbell,02/27/73,***-**-9581,SD
406,Sandra,Sanders,10/06/80,***-**-1673,RI
164,Katherine,Hensley,05/29/91,***-**-7226,CT
267,Stacy,Cox,11/08/76,***-**-0990,AL
503,Frank,Barton,06/10/93,***-**-5568,MA
295,Shannon,Kramer,05/04/80,***-**-7615,SC
590,Brenda,James,12/31/77,***-**-3251,HI
97,Paula,Edwards,08/10/88,***-**-0638,KS
3,Jennifer,Rowe,09/16/80,***-**-9014,NY
20,David,Foster,01/09/90,***-**-6956,MO
179,William,Boyle,01/30/88,***-**-0490,AR
86,Christopher,Greene,05/29/72,***-**-8446,ID
219,Matthew,Fuller,04/27/80,***-**-2989,MS
237,Gabriela,Nguyen,12/17/81,***-**-3729,WA
96,Allison,Diaz,03/25/94,***-**-8927,AR
22,Isaac,Jordan,05/06/86,***-**-0520,TX
439,Cheryl,Bailey,10/31/91,***-**-1224,NC
146,Julie,Castillo,02/16/88,***-**-4523,AK
271,Michael,Adams,12/10/86,***-**-3927,FL
103,Melinda,Parsons,02/07/86,***-**-8751,NE
540,Robert,Campbell,01/17/87,***-**-3694,DE
144,Julie,Nelson,08/08/94,***-**-1332,SD
594,Steven,Nelson,04/14/89,***-**-2085,VT
176,Hailey,Lynn,03/25/73,***-**-9488,CA
198,Dillon,Nguyen,05/26/78,***-**-4552,IL
433,Hannah,Miller,10/18/73,***-**-4657,NY
274,Jeffrey,Harris,05/25/94,***-**-4763,KY
6,Daniel,Welch,08/08/82,***-**-6950,IL
452,Bryan,Jackson,09/08/82,***-**-8117,MD
23,Denise,George,09/07/90,***-**-4879,WI
373,Alicia,Carney,09/10/89,***-**-9437,OH
374,William,Peters,03/20/86,***-**-7516,KY
200,Dustin,Drake,09/17/93,***-**-5454,WV
428,Jessica,Thornton,01/03/83,***-**-2381,KS
116,Rebecca,Wilson,06/08/80,***-**-6629,MI
418,Katherine,Lane,11/01/86,***-**-6820,NH
9,Sarah,Harper,07/27/93,***-**-5891,AK
230,Jermaine,Hill,09/11/88,***-**-5479,NJ
502,Michael,Marshall,04/05/90,***-**-5125,MI
632,Kirsten,Mcbride,09/10/73,***-**-2372,IA
112,Rachael,Holmes,07/30/73,***-**-2067,GA
422,Leon,Foster,09/19/75,***-**-3153,SC
131,David,Mcclain,08/02/76,***-**-5430,OH
404,Emily,Lawrence,11/24/91,***-**-1991,TN
504,Troy,Booth,12/27/90,***-**-5141,TN
194,Stephanie,Ho,04/25/83,***-**-3656,KS
567,Michele,Hendricks,03/10/90,***-**-7341,MS
253,Eric,Harper,11/12/86,***-**-2860,NV
407,Jonathan,Gomez,06/05/93,***-**-4727,SD
82,Kevin,Garcia,11/25/77,***-**-4722,NV
429,Howard,Lawson,04/13/84,***-**-7664,MI
78,Stacy,Robertson,09/24/74,***-**-0248,WY
167,John,Beck,07/27/85,***-**-3635,AR
484,Julia,Morgan,03/18/76,***-**-1731,WI
60,Allen,Leon,04/06/75,***-**-9089,MI
400,James,Rios,03/04/78,***-**-3987,ID
34,Ralph,Wells,10/19/88,***-**-4237,KS
596,Megan,Chavez,10/08/91,***-**-7659,CT
279,Ashley,Patrick,06/07/74,***-**-0763,WY
466,Bonnie,Bowen,11/07/93,***-**-5889,ID
327,Andrew,Lawson,04/05/82,***-**-7313,MT
382,Tonya,Chavez,04/17/84,***-**-5703,MT
369,Michelle,Larson,03/20/80,***-**-3866,FL
347,Mark,Garrett,09/18/85,***-**-4408,WY
25,Chelsea,Rivera,06/21/87,***-**-0140,NH
317,Amanda,Krause,11/06/77,***-**-4744,IL
321,Paige,Spencer,09/02/91,***-**-8621,NY
193,Rhonda,Gonzales,06/07/76,***-**-4110,ID
606,Jasmine,Kelly,06/30/79,***-**-3251,MN
123,Amy,Sherman,08/04/73,***-**-6029,NJ
566,David,Arroyo,04/16/75,***-**-9403,FL
409,Robert,Lin,11/12/75,***-**-0121,AZ
265,Paul,Wilson,06/19/93,***-**-9871,IA
490,Paul,Meyers,03/13/89,***-**-1680,HI
311,Jessica,Elliott,06/04/78,***-**-1632,OH
537,Anthony,Richmond,10/05/89,***-**-8935,AR
147,William,Rivera,03/08/75,***-**-7032,SD
304,Sheri,Villegas,02/13/85,***-**-8629,OR
472,Kelly,Hopkins,10/08/84,***-**-6875,HI
348,Darren,Farrell,05/24/91,***-**-5885,CA
91,Darlene,Harmon,05/05/80,***-**-3052,WV
410,Rachel,Lyons,08/29/72,***-**-0900,ME
344,David,Jacobs,02/28/82,***-**-3682,FL
419,Christina,Weeks,10/15/72,***-**-2028,PA
1,Andrea,Anderson,11/12/84,***-**-5650,CT
532,Jennifer,Smith,01/31/89,***-**-1748,GA
107,Shirley,Andrews,12/07/81,***-**-5306,OH
166,Adrian,Rivera,02/13/73,***-**-5638,MA
391,George,Mckinney,02/04/84,***-**-7748,UT
67,Hailey,Boyd,11/17/80,***-**-0270,NY
447,Tiffany,Harris,01/12/83,***-**-9733,WV
653,Mary,Hunter,11/01/77,***-**-6623,TX
294,Robert,Edwards,04/07/80,***-**-5215,GA
416,Barbara,Lambert,09/07/79,***-**-5353,ID
185,Angela,Armstrong,03/22/90,***-**-2446,NY
637,Brett,Ward,09/27/79,***-**-0204,MN
333,Troy,Sanchez,11/15/90,***-**-2052,OK
579,Garrett,Carter,09/26/88,***-**-7246,CA
215,James,Reeves,01/31/88,***-**-1620,IN
152,Mary,Baker,07/08/79,***-**-0954,MI
301,Alexandra,Bradley,06/13/80,***-**-9390,AL
572,Aaron,James,03/25/74,***-**-4596,OR
165,Thomas,Wood,08/21/79,***-**-8269,TN
639,Charlene,Jackson,10/28/89,***-**-8809,WY
405,Mary,Robbins,12/01/75,***-**-9514,FL
390,Kayla,Washington,10/08/85,***-**-6218,CT
641,Kimberly,Knapp,11/23/92,***-**-1122,CO
51,Nicholas,Brown,09/18/88,***-**-2869,SC
421,Rebecca,Marshall,05/06/74,***-**-1020,PA
106,Mark,Smith,07/07/79,***-**-5381,ND
379,Adam,Harrell,10/18/81,***-**-0742,WV
76,Steve,Daniels,09/14/80,***-**-3537,CO
68,Victoria,Potter,03/25/88,***-**-4290,UT
118,Kathy,Preston,03/06/90,***-**-9960,LA
127,Michael,Donaldson,01/01/95,***-**-7624,CA
542,Brian,Bridges,02/22/76,***-**-4546,MN
181,Martha,Gonzalez,01/17/81,***-**-8342,KS
111,Paul,Rogers,01/10/92,***-**-6284,MT
481,Dawn,Galvan,09/03/89,***-**-8058,TN
568,Amber,West,01/19/78,***-**-7363,ND
395,Christopher,Guerrero,01/29/83,***-**-4036,WY
345,Stacy,Brooks,06/17/91,***-**-4661,SC
438,Danielle,Kaiser,08/21/75,***-**-9764,AL
403,Taylor,Boyle,09/26/79,***-**-9756,MD
180,Donna,Howard,12/16/78,***-**-3416,CA
616,Anne,Rios,11/26/74,***-**-6513,HI
56,Theresa,Barnes,09/28/76,***-**-2054,CT
153,Lori,Tate,03/08/77,***-**-9123,NM
551,Alexandria,Baker,11/02/74,***-**-3200,NV
135,Stephen,Hensley,09/30/78,***-**-5372,GA
500,Jennifer,Fischer,11/19/83,***-**-5609,UT
24,Pamela,Robinson,02/21/81,***-**-4275,NM
81,Brendan,Gonzalez,08/02/91,***-**-9993,SC
50,Richard,Turner,12/24/82,***-**-9924,TN
328,Michael,Robinson,10/22/73,***-**-2355,IL
402,Patricia,Sharp,07/13/87,***-**-0306,MD
255,Elizabeth,Avila,03/15/77,***-**-8453,NH
413,Christopher,Martinez,12/28/78,***-**-8774,CT
507,Isaac,Woods,03/20/84,***-**-6227,AK
62,Adriana,Wolf,10/17/94,***-**-1702,OR
150,David,Pearson,06/14/82,***-**-1781,AL
109,Matthew,Kramer,05/14/88,***-**-4860,RI
310,Pamela,Archer,10/25/87,***-**-2625,WV
243,Charles,Stout,12/05/76,***-**-1997,KS
72,Daniel,Boyd,07/18/78,***-**-1220,NY
608,Jimmy,Jones,02/19/73,***-**-2030,MA
19,Rebecca,Hammond,02/21/72,***-**-2706,LA
30,Emily,Diaz,12/04/86,***-**-9174,AK
119,Chad,Wise,11/10/88,***-**-1355,CO
162,Todd,Duran,01/14/76,***-**-1832,KY
199,Brian,Mclaughlin,09/21/87,***-**-2876,PA
187,Katherine,Rogers,05/13/88,***-**-9500,ME
102,Joseph,Adams,01/18/79,***-**-7778,WI
385,David,Lowery,10/21/87,***-**-7963,UT
626,Janice,Young,07/07/88,***-**-4863,WA
528,Anna,Matthews,02/09/91,***-**-4474,TN
31,Katie,Garcia,03/22/83,***-**-8462,AK
43,Maria,Estrada,04/30/90,***-**-8108,LA
169,Ashley,Smith,07/16/83,***-**-8720,TX
204,Amy,Wright,10/15/91,***-**-8641,CA
494,Heather,Scott,08/20/82,***-**-0361,NH
233,John,Anderson,05/30/73,***-**-6681,NY
638,John,Anderson,01/07/83,***-**-7935,UT
57,Kimberly,Harris,10/01/88,***-**-5459,IA
648,Christopher,Smith,11/23/76,***-**-2521,WI
192,Daniel,Singh,12/25/80,***-**-7521,VA
73,Miranda,Nguyen,08/12/81,***-**-2585,ME
477,Gregory,Simpson,07/09/90,***-**-9365,CO
411,Daniel,Brown,04/19/84,***-**-6526,NM
630,Susan,Thompson,05/17/85,***-**-6074,TN
600,Rick,Johns,07/30/84,***-**-7121,NV
634,Sean,Calhoun,07/31/78,***-**-2261,SD
296,Alan,Holden,11/06/94,***-**-6916,PA
154,Robin,Silva,07/14/87,***-**-0453,AK
527,Nicole,Conrad,06/02/85,***-**-6985,SD
635,Deanna,Russell,07/29/72,***-**-9236,MD
229,Joshua,Bailey,07/20/86,***-**-4031,WV
389,Daniel,Patrick,10/15/72,***-**-8777,GA
220,William,Smith,06/04/90,***-**-0654,AR
454,Kristin,Grant,08/23/80,***-**-9693,WV
488,Kimberly,Velasquez,01/10/89,***-**-4229,GA
41,Michael,Dalton,03/08/94,***-**-2101,WI
522,Jason,Shaw,11/01/85,***-**-4765,KY
269,Jonathon,Olson,07/08/85,***-**-7767,SC
35,Andrea,Perry,02/01/86,***-**-8897,CO
10,Anthony,Nguyen,10/09/86,***-**-8472,WI
397,Anthony,Christensen,05/13/83,***-**-8703,OH
45,Paul,Murphy,07/18/75,***-**-9454,NJ
210,Susan,Stewart,04/23/89,***-**-2712,GA
197,Scott,Warren,06/24/85,***-**-3723,OH
354,Jennifer,Avery,08/08/87,***-**-5062,LA
552,Alexander,Vaughan,08/22/88,***-**-8562,MI
414,Laura,Parker,12/05/73,***-**-6879,CO
134,Derek,Harrington,09/15/90,***-**-2836,AR
11,Daniel,Wells,08/27/94,***-**-7268,CA
222,Kelly,Phillips,11/05/87,***-**-1324,MI
442,Lauren,Bennett,06/05/85,***-**-4874,IA
633,Aaron,Wolf,04/09/78,***-**-1149,WY
361,Julia,Wright,09/04/80,***-**-6702,CO
205,Cheryl,Dennis,06/16/86,***-**-0712,TX
18,Donna,Lopez,02/22/85,***-**-5711,DE
459,Matthew,Gibbs,06/12/84,***-**-9698,ID
564,Nancy,Mitchell,02/02/88,***-**-9365,GA
138,Ashley,Bullock,07/23/83,***-**-5394,MS
356,Andrew,Moore,01/03/82,***-**-5178,ID
479,Joseph,Martinez,10/05/73,***-**-9409,NH
100,Yvette,Rodriguez,09/11/85,***-**-8123,OR
451,Carrie,Barber,11/09/77,***-**-3083,LA
432,Ashley,Sherman,10/01/84,***-**-1501,NE
71,Craig,Garcia,08/18/94,***-**-3695,PA
463,Jerome,Brown,07/10/92,***-**-9456,MD
308,Kevin,Beck,03/29/81,***-**-7304,TN
591,Travis,Hansen,07/28/81,***-**-6746,DE
214,Rodney,Cook,12/15/94,***-**-6232,RI
290,Theresa,Brown,02/20/93,***-**-3478,MN
8,Wayne,Mercer,09/21/89,***-**-7254,MA
182,Mary,Lee,04/12/82,***-**-7361,OH
534,Matthew,Martin,07/12/93,***-**-7803,ID
511,Lee,Weber,12/03/88,***-**-9830,CA
32,James,Wilson,07/23/77,***-**-7343,OR
289,Angela,Clark,04/20/88,***-**-3392,MN
643,Allen,Flynn,07/25/94,***-**-7573,NH
234,Darrell,Coleman,08/24/92,***-**-4198,WI
618,Patrick,Wells,08/03/79,***-**-3209,MS
246,Tyler,Beck,10/20/86,***-**-1385,HI
546,Michelle,Jenkins,11/29/77,***-**-8254,NE
455,Scott,Miller,09/27/91,***-**-3580,WY
341,Maria,Mcmillan,09/07/73,***-**-3730,TX
252,Amy,Waller,10/01/80,***-**-8763,MA
351,Jacob,Thomas,03/31/76,***-**-8896,MS
493,Amanda,Jones,07/31/93,***-**-0691,MN
599,Edward,Padilla,10/09/93,***-**-5222,PA
315,Debra,Best,02/20/73,***-**-3320,ND
577,Gregory,Roberts,01/27/86,***-**-4496,IN
415,Suzanne,Wheeler,05/19/85,***-**-2982,WI
303,Ann,Lewis,01/14/76,***-**-0619,MT
478,Michelle,Peterson,06/25/84,***-**-2154,MA
313,Adam,Thomas,12/30/82,***-**-1297,VA
4,Donna,Owens,09/26/87,***-**-6696,AL
249,Pamela,Lyons,09/27/72,***-**-3318,AR
649,Victor,Lopez,10/26/87,***-**-3964,NV
565,Matthew,Miller,04/07/79,***-**-3517,CO
513,Kevin,Foster,10/18/85,***-**-5090,WI
516,Alyssa,Stokes,04/01/73,***-**-2432,OH
545,Mark,Saunders,08/23/73,***-**-2640,VT
38,Michael,Chapman,03/13/77,***-**-6874,OR
309,Cole,Farrell,01/29/93,***-**-7973,IN
578,Michael,Estrada,10/12/94,***-**-2448,OH
178,Shaun,Martinez,12/11/82,***-**-5793,NC
359,Victoria,Moon,01/06/76,***-**-8604,AZ
278,Brian,Peters,05/07/82,***-**-3701,HI
292,Jose,Gonzalez,06/01/92,***-**-9797,MD
87,John,Paul,11/20/73,***-**-7180,KY
286,Stephanie,Smith,04/26/78,***-**-1286,NH
221,Lisa,Wilson,11/09/93,***-**-6950,AZ
524,Cody,Duran,01/15/73,***-**-6706,NM
453,Ann,Johnson,06/01/81,***-**-9046,NE
468,Paula,Hernandez,10/12/75,***-**-2951,CA
444,Patrick,Barber,07/21/91,***-**-9891,NY
350,Dennis,Alvarado,11/27/73,***-**-4378,MT
462,David,Peterson,06/27/73,***-**-7312,LA
66,Tina,Williams,11/04/87,***-**-7775,OR
495,Bridget,Koch,02/23/73,***-**-9714,WY
586,Adrian,Hernandez,09/08/93,***-**-5101,NE
457,Andrea,Potter,12/26/83,***-**-6384,NH
392,David,Williams,07/07/90,***-**-6350,MA
202,Katherine,Wright,05/10/87,***-**-3109,AR
467,Kevin,Taylor,04/19/79,***-**-2293,NH
627,Latoya,Mitchell,03/15/91,***-**-3607,ME
367,Tricia,Smith,01/24/92,***-**-7866,CA
244,David,Miles,11/26/93,***-**-2657,MI
620,Gina,Hoffman,03/20/90,***-**-4213,UT
642,Tamara,Whitney,09/21/75,***-**-9208,MO
427,John,Garcia,04/14/87,***-**-3993,TX
539,Craig,Nunez,06/13/72,***-**-6566,DE
98,Desiree,Ross,07/07/81,***-**-2608,MS
324,Samantha,Ramirez,08/11/81,***-**-7086,MD
589,David,Patton,11/19/78,***-**-9705,PA
339,Caroline,Lopez,08/09/81,***-**-1325,OK
645,Karen,Malone,09/03/85,***-**-5442,CO
355,Daniel,Wright,12/31/89,***-**-3803,FL
541,Brent,Miller,01/14/78,***-**-9692,HI
360,Mitchell,Meyer,08/31/91,***-**-7666,RI
39,Annette,Flores,04/19/77,***-**-3196,NE
305,Wendy,Hendrix,08/19/83,***-**-6634,WY
474,Alexis,Cross,08/11/83,***-**-3694,MN
571,Jeffrey,Jones,06/27/81,***-**-1822,SD
372,Jessica,Walsh,06/01/76,***-**-2907,RI
559,Sherry,Henderson,02/15/91,***-**-3768,FL
521,Jennifer,Johnson,02/17/78,***-**-3102,OK
583,Scott,Ellison,03/31/77,***-**-8653,NH
329,Denise,Baldwin,04/06/92,***-**-7350,AL
201,Rebecca,James,12/04/80,***-**-1514,MA
276,Sean,Gonzales,08/11/81,***-**-8838,MO
592,Mary,Chavez,04/27/90,***-**-2834,PA
124,Ralph,Martinez,02/26/80,***-**-4024,WA
133,Thomas,Stone,03/29/73,***-**-8227,DE
314,Christopher,Anderson,07/01/74,***-**-1835,NC
562,Allison,Garcia,02/08/83,***-**-0105,LA
125,Charles,Hall,09/15/82,***-**-7617,PA
625,Lawrence,Roach,04/03/91,***-**-2080,KY
312,Christopher,Dougherty,03/29/78,***-**-0986,AL
90,William,Small,08/05/90,***-**-0642,CO
236,Samuel,May,03/30/88,***-**-0970,NJ
601,Brian,Lopez,02/13/90,***-**-7558,DE
326,Amanda,Clark,07/23/91,***-**-5043,MN
264,Cody,Taylor,11/13/78,***-**-3700,SD
248,Sherry,Love,03/24/75,***-**-8685,OR
485,Christine,Stone,11/07/78,***-**-6503,KS
54,Kristy,Diaz,03/26/88,***-**-1032,IA
2,Amy,Long,07/19/82,***-**-7292,FL
298,Haley,Myers,03/20/85,***-**-0757,MD
99,Michael,Holden,07/23/75,***-**-7951,IN
186,Kelly,Ferrell,01/21/82,***-**-2299,NH
593,Rachel,Valdez,05/21/85,***-**-0852,UT
557,Kristine,Roberson,03/18/81,***-**-0956,MN
375,Vincent,Watson,12/15/74,***-**-8997,RI
460,Elizabeth,Bailey,07/15/79,***-**-7230,MI
496,Mark,Mcmillan,07/08/76,***-**-2503,MI
487,Sheri,Long,06/06/78,***-**-5166,OH
469,Daniel,Mccall,07/12/87,***-**-5314,NE
340,Dawn,Malone,04/19/79,***-**-2070,TN
363,Evan,Romero,08/25/94,***-**-3334,NM
108,Paul,Adams,04/19/92,***-**-5765,WV
357,Tracy,Holt,10/20/88,***-**-1413,AK
293,Charles,Wheeler,02/11/72,***-**-5781,CA
604,Ashley,Harris,08/09/93,***-**-7070,IL
7,Roberto,Schmidt,02/07/94,***-**-1763,AL
94,Margaret,Barton,10/10/75,***-**-0973,ID
227,Michelle,Diaz,09/25/93,***-**-4889,ID
486,Mike,Duncan,12/15/88,***-**-8115,MD
613,Alexandra,Thomas,01/12/94,***-**-6760,SD
603,Mark,Murillo,09/22/76,***-**-9915,MI
332,Carol,Dyer,03/12/89,***-**-5545,HI
587,Daniel,Williams,11/17/89,***-**-9146,NH
602,Sandra,Suarez,09/20/80,***-**-9548,GA
398,Sarah,Hamilton,07/20/76,***-**-3104,ND
148,Sydney,Floyd,03/31/81,***-**-0722,CT
223,Jonathan,Hall,07/01/78,***-**-6672,NE
574,Jennifer,Kim,10/03/76,***-**-9504,MN
588,Kenneth,Sanchez,10/30/80,***-**-8921,CA
157,Joseph,Carroll,05/09/75,***-**-5984,ND
175,Jennifer,Arnold,10/18/76,***-**-4368,AL
473,David,Le,08/31/76,***-**-5444,MI
29,Jeffrey,Clark,06/28/78,***-**-0316,MO
334,Jeffery,Reed,07/19/85,***-**-6338,NJ
465,Laura,Kim,07/26/74,***-**-3606,PA
92,Derek,Obrien,06/29/90,***-**-6123,NH
470,Brooke,Bishop,12/18/80,***-**-4107,CA
128,Peter,Miles,10/26/76,***-**-3367,WA
77,Alex,Owen,10/07/87,***-**-9252,AL
530,Michael,Fowler,08/28/90,***-**-3995,TN
270,Katherine,Rose,01/19/76,***-**-0446,MN
251,Daniel,Waller,04/23/74,***-**-0011,KY
277,Ronald,Johnson,09/19/73,***-**-8871,DE
346,Austin,Gutierrez,06/25/79,***-**-0203,VT
238,Brandon,Chang,05/14/84,***-**-6687,AL
143,Alexander,Murphy,05/05/84,***-**-0664,UT
461,Stephanie,Mendoza,03/22/77,***-**-8308,VT
5,Gregory,Moore,02/10/82,***-**-6226,MA
117,Jonathan,Mendoza,12/30/89,***-**-0262,MD
396,Michelle,Phillips,09/17/88,***-**-2345,OK
517,Justin,Morgan,03/17/76,***-**-5133,MI
228,Michael,Hubbard,09/09/78,***-**-8972,CT
576,Travis,Little,05/14/92,***-**-6995,WY
482,Susan,Kennedy,12/19/88,***-**-4558,ME
611,Emily,Mcgrath,11/10/73,***-**-7640,CO
288,Sandra,Griffin,11/13/88,***-**-6533,NV
322,Jessica,Sullivan,01/07/90,***-**-2665,WY
93,Timothy,Mendoza,06/09/80,***-**-2367,NM
631,Amanda,Pearson,08/15/79,***-**-9832,TN
95,Jeffery,Burnett,07/28/84,***-**-4493,KS
225,Brian,Williams,01/12/86,***-**-5701,MT
386,Randy,Dorsey,05/09/74,***-**-0360,MO
272,Duane,Williams,10/14/73,***-**-8818,NV
614,Colleen,Beasley,08/12/77,***-**-3286,MA
262,Brian,Jackson,12/21/85,***-**-9597,PA
110,Cynthia,Price,10/15/91,***-**-6184,SD
501,Donald,Carter,07/16/83,***-**-5922,HI
65,Lisa,Schmitt,04/23/76,***-**-5980,TN
458,Dustin,Nichols,06/07/77,***-**-9015,NE
224,Jay,Brown,04/24/80,***-**-8736,TX
160,Beth,Lynch,02/13/84,***-**-0814,AK
259,Mary,Mitchell,01/20/82,***-**-3602,TX
547,Joshua,Rush,08/05/86,***-**-2710,GA
358,Jillian,David,04/11/73,***-**-4462,HI
652,Anthony,Delgado,09/19/94,***-**-7837,FL
49,Meghan,Wilson,05/18/88,***-**-4722,HI
437,Andrea,Montgomery,12/03/91,***-**-6315,OH
536,Megan,Gray,10/12/72,***-**-4006,NY
636,Sarah,Brooks,06/27/91,***-**-6948,AR
330,Kaylee,Clark,05/29/92,***-**-0753,WI
538,Joseph,Martin,04/13/92,***-**-5396,AR
168,Donna,Rose,04/20/89,***-**-1960,TN
480,Brandi,Sawyer,07/13/79,***-**-9334,RI
543,James,Torres,01/19/86,***-**-5026,DE
506,Jonathan,Malone,04/14/84,***-**-9942,MN
80,Christine,Williams,08/15/74,***-**-1974,MN
342,Christopher,Young,12/02/88,***-**-1343,NE
364,David,Turner,02/13/73,***-**-7108,IL
64,Gregory,Estes,10/04/89,***-**-9235,KS
156,Shannon,Vaughn,12/27/92,***-**-2444,AR
285,James,Mclaughlin,01/21/81,***-**-1088,NC
79,Michael,Brown,01/13/86,***-**-9682,OH
170,Jennifer,Crawford,07/21/86,***-**-5861,FL
561,Michelle,Carr,06/22/78,***-**-2759,CT
617,Andrew,Love,05/27/91,***-**-9696,OH
515,Anna,Bennett,06/20/77,***-**-6909,TN
644,William,Watts,10/12/89,***-**-6883,MN
450,Cynthia,Williams,12/23/78,***-**-5994,NY
216,Bruce,Miles,01/21/82,***-**-0969,IA
88,Amanda,Wilson,05/23/72,***-**-0767,NE
130,Joshua,Riley,11/08/83,***-**-4874,IN
408,Carla,Torres,02/23/87,***-**-7599,CT
105,Mark,Green,06/14/77,***-**-6893,AZ
580,Stephanie,Goodwin,02/25/86,***-**-5702,NC
388,Cameron,Allen,01/02/86,***-**-8341,ID
316,Harold,Li,05/11/83,***-**-2966,GA
196,Sara,Curry,06/05/84,***-**-1678,ID
366,Caroline,Wyatt,11/12/79,***-**-7063,NY
331,Nicole,Perez,09/28/82,***-**-1455,MT
63,Jacqueline,Garcia,01/31/91,***-**-8953,NC
651,Alexander,Wright,04/18/79,***-**-7263,MN
497,Heather,Farrell,01/11/78,***-**-0338,MA
14,Joseph,Fernandez,06/01/78,***-**-4971,IL
52,Timothy,Chandler,03/26/78,***-**-3897,NM
456,Gregory,Jackson,06/06/73,***-**-0058,WY
412,Thomas,Patterson,05/06/77,***-**-4561,VA
283,Timothy,Suarez,01/12/77,***-**-3073,WI
174,Jennifer,Jensen,03/09/91,***-**-4293,GA
509,Andrew,Hogan,06/08/90,***-**-5943,ND
254,Dale,Hartman,10/01/93,***-**-9502,ME
531,Jennifer,Williams,02/27/77,***-**-9054,OK
104,Antonio,Perez,02/09/80,***-**-4115,NC
549,Joshua,Hicks,01/07/85,***-**-4786,KS
183,Edward,Thompson,08/31/94,***-**-8605,OH
612,Lee,Zamora,03/17/79,***-**-3321,UT
492,Wyatt,Rivers,02/07/84,***-**-5135,KY
27,Michelle,Reeves,11/23/72,***-**-1066,PA
287,Joanna,Hopkins,04/17/73,***-**-2714,MA
584,Joseph,Mitchell,05/18/80,***-**-7441,VA
624,Ariel,Ray,09/11/72,***-**-2732,OR
53,Shawn,Murray,10/30/90,***-**-5217,MS
206,Jose,Spears,03/01/76,***-**-2675,NH
211,Caroline,Mayer,05/03/73,***-**-2487,WY
646,David,Weaver,08/11/76,***-**-2750,ME
336,Kelly,Sullivan,04/12/88,***-**-7284,NV
555,Kyle,Ramirez,05/30/84,***-**-2839,WA
560,Carrie,Davis,06/20/84,***-**-6558,WA
203,Catherine,Martinez,04/28/90,***-**-6917,NM
217,Amanda,Lewis,12/05/88,***-**-0504,MT
371,Katherine,Bailey,03/04/94,***-**-3545,WV
605,Rodney,Smith,05/08/75,***-**-3105,NH
337,Savannah,Saunders,05/12/84,***-**-2473,IA
381,Claudia,Oneal,04/01/87,***-**-9008,TX
508,Roy,Johnson,03/30/84,***-**-6344,AK
58,Michelle,Smith,07/08/82,***-**-6834,NV
401,Amanda,Haney,04/11/83,***-**-9019,IA
163,Theresa,Fletcher,10/22/92,***-**-0535,VA
548,Debra,Green,07/20/88,***-**-5376,SC
161,John,Cox,12/11/85,***-**-7739,OH
464,Beth,Harris,12/22/82,***-**-5871,RI
476,Erica,Mcconnell,07/01/81,***-**-0878,MA
208,Kimberly,Johnson,01/22/92,***-**-4304,PA
378,Kyle,Aguirre,10/24/73,***-**-4469,NE
654,Nicole,English,04/30/77,***-**-9164,HI
585,Bonnie,Turner,04/01/73,***-**-0208,MD
621,Maurice,Gillespie,09/07/84,***-**-8509,GA
300,Corey,Adams,10/08/88,***-**-2578,OR
640,Brett,Nelson,06/20/86,***-**-3049,MD
297,Melody,Nelson,01/23/79,***-**-1931,VA
209,James,Young,04/12/80,***-**-8557,ME
320,Robert,Smith,04/14/94,***-**-0748,MS
242,Caroline,Larson,05/05/90,***-**-7178,LA
258,Megan,Robinson,03/24/73,***-**-1601,WV
570,Shawn,Edwards,01/19/78,***-**-4865,LA
417,David,Evans,09/15/77,***-**-6773,WA
281,Julie,Price,01/20/93,***-**-3599,PA
436,Briana,Webster,02/08/78,***-**-3704,PA
441,Robin,Oconnor,02/27/78,***-**-0782,NH
425,Albert,Davidson,01/20/75,***-**-9182,CA
553,Mark,Chen,04/02/89,***-**-3553,WY
266,Elizabeth,Lynn,02/25/92,***-**-8647,MA
40,Tracy,Gonzalez,11/01/83,***-**-4059,WY
609,Patricia,Fletcher,06/30/79,***-**-2311,RI
471,Tammy,Salinas,12/29/80,***-**-3850,NC
307,Roger,Wright,03/04/74,***-**-3080,MO
353,Kelly,Castillo,04/13/92,***-**-7622,WA
393,Charles,Kelley,04/14/93,***-**-1133,OK
607,David,Johnson,06/23/85,***-**-9729,DE
483,David,Cervantes,01/08/83,***-**-0082,WA
370,Valerie,Lopez,04/10/83,***-**-0441,AL
273,Sarah,Hayes,11/20/84,***-**-8195,CT
141,Christina,Arnold,10/20/79,***-**-2313,NY
338,Cynthia,Bennett,11/26/73,***-**-7899,MD
15,Michelle,Huang,04/09/83,***-**-8363,UT
120,Amanda,Dodson,03/04/73,***-**-6056,KS
75,Jeff,Hawkins,08/10/92,***-**-5606,IL
115,Patrick,Taylor,07/29/91,***-**-5595,MO
629,Elizabeth,Howard,11/05/84,***-**-2641,AZ
299,Noah,White,04/30/77,***-**-0897,SC
498,Caroline,Jackson,12/29/83,***-**-4102,DE
445,Andrea,Wright,06/15/78,***-**-8386,OH
582,Sara,Smith,01/02/83,***-**-9188,TN
245,Jennifer,Rodriguez,04/23/74,***-**-2538,NM
129,Deanna,Terrell,02/05/90,***-**-5743,OK
544,Kristina,Summers,02/17/89,***-**-3058,OR
377,Laura,Mercado,04/05/74,***-**-9514,MI
155,Matthew,Kane,11/17/90,***-**-9385,PA
440,Tamara,White,05/20/80,***-**-6614,FL
550,Samantha,Thompson,06/04/76,***-**-9230,NY
47,John,Mcmillan,03/02/83,***-**-7301,NV
89,Andrea,Webb,12/11/85,***-**-7815,VA
145,Lori,Odonnell,10/22/89,***-**-2415,KS
554,Ronald,Huerta,12/13/73,***-**-6058,OK
523,Chelsea,Foster,03/26/74,***-**-4094,AK
499,Daniel,Lopez,09/07/89,***-**-2639,AR
37,Jonathan,Jones,01/13/77,***-**-7798,MN
384,Jessica,Gaines,04/23/81,***-**-9332,CO
514,Timothy,Morris,06/16/81,***-**-2962,WY
260,Donna,Campbell,07/14/93,***-**-2369,NV
239,Tonya,Martinez,09/04/72,***-**-7702,IA
420,Pamela,Moore,02/20/80,***-**-9532,NJ
380,Michelle,Ali,05/05/93,***-**-3823,KS
387,Alexander,Gibson,10/27/83,***-**-1036,CO
207,Jay,Smith,03/06/85,***-**-6315,CT
318,Teresa,Watkins,07/27/72,***-**-5707,NY
16,Bradley,Guzman,05/08/80,***-**-2817,WY
61,Rhonda,Young,06/03/79,***-**-2336,NE
280,Brandon,Davis,07/22/77,***-**-1621,AZ
13,Brandon,Farmer,08/10/80,***-**-2601,TX
563,Barbara,Murphy,10/30/89,***-**-9225,AR
569,James,King,04/21/78,***-**-1432,AK
575,Drew,Kelly,03/25/93,***-**-3264,WA
319,Virginia,Wise,02/18/82,***-**-8887,OR
122,Mary,Hernandez,01/29/90,***-**-5268,NY
520,Ryan,Russell,01/06/75,***-**-3828,HI
489,Amanda,Smith,08/05/89,***-**-3579,DE
136,Morgan,Dunn,07/13/80,***-**-1601,AZ
142,Kimberly,Shaw,06/11/73,***-**-7577,MA
250,Kathleen,Klein,01/15/90,***-**-3388,NM
383,Diana,Meyers,09/13/72,***-**-4296,TN
650,Logan,Smith,03/26/90,***-**-0194,MN
231,Tracy,Martin,05/03/75,***-**-0726,AK
431,Edwin,Martin,02/13/88,***-**-9168,MO
306,Kelly,Moran,07/14/76,***-**-0670,NV
151,Robert,Smith,01/12/87,***-**-2300,ID
519,Jane,Martinez,01/30/91,***-**-3977,AZ
172,Denise,Castillo,10/10/83,***-**-0042,LA
121,Jonathon,Brock,04/30/80,***-**-9917,CO
140,Amanda,Franco,09/24/94,***-**-5413,AK
48,Heather,Robinson,11/20/85,***-**-1929,MN
282,Kathryn,Stout,08/24/87,***-**-9637,IA
42,Cory,Hopkins,03/13/77,***-**-9491,AK
247,Ryan,Snyder,07/14/82,***-**-9330,MA
59,Sara,Walker,08/16/85,***-**-5423,NE
137,Daniel,Garcia,04/21/79,***-**-3001,WI
257,Paul,Evans,06/25/77,***-**-4302,MN
343,Elizabeth,Olson,01/22/76,***-**-7163,MA
195,Ann,Romero,10/27/89,***-**-4046,DE
268,Thomas,Jensen,02/23/91,***-**-3430,OH
558,Brian,Davila,07/05/82,***-**-3711,DE
70,Donna,Howard,03/31/90,***-**-7432,MS
28,Kimberly,Massey,01/01/81,***-**-4649,MO
132,Jeremy,Cross,11/22/87,***-**-4632,HI
335,Dennis,Thomas,06/11/89,***-**-5032,IN
349,Kenneth,Martin,08/24/89,***-**-4681,MI
510,Tyler,Brewer,06/28/72,***-**-9006,HI
36,Scott,Brooks,02/24/72,***-**-4958,NY
430,Derrick,Fritz,12/05/82,***-**-0071,IA
376,Christine,Munoz,11/17/74,***-**-0149,MO
226,Julie,Robbins,11/23/76,***-**-4571,IN
240,Rachel,Cook,03/03/82,***-**-9042,NM
291,Kyle,Hoffman,12/25/84,***-**-7692,MT
619,Nancy,Nguyen,07/05/76,***-**-3939,VA
424,John,Wells,05/25/93,***-**-3026,NH
212,Robert,Ellison,07/16/79,***-**-9579,NE
263,Keith,Robinson,04/15/78,***-**-3579,NC
443,Dennis,Osborn,11/15/73,***-**-3531,MA
26,Ronald,Hays,12/21/93,***-**-6430,TX
491,Leslie,Brown,06/15/73,***-**-1806,NJ
114,Maria,Chapman,12/20/73,***-**-7300,OK
434,Melissa,Torres,03/22/81,***-**-6921,NM
615,Joshua,Weaver,11/20/82,***-**-7030,IA
525,Crystal,Martin,08/29/93,***-**-0679,ME
44,Sheri,Ball,08/04/91,***-**-7548,AZ
475,Steven,Ritter,02/11/86,***-**-8004,OH
529,Linda,Krause,12/22/78,***-**-4382,SD
83,John,Myers,07/25/89,***-**-1869,NJ
275,Mark,White,09/09/92,***-**-7830,ID
190,Diana,Smith,12/02/73,***-**-3506,IL
423,Karen,Lyons,06/09/90,***-**-9081,OK
581,Laura,Glenn,10/20/92,***-**-1468,TX
177,Diana,Spence,09/20/83,***-**-4751,MA
573,Samantha,Farley,07/10/77,***-**-2351,WA
46,Kayla,Mitchell,10/13/75,***-**-9155,WI
17,Crystal,Myers,12/31/80,***-**-6532,OH
101,Brooke,Jones,04/09/79,***-**-2606,TN
261,John,Mueller,03/22/87,***-**-7849,MD
435,Karla,Rosales,07/10/83,***-**-1729,IL
448,Jennifer,Brown,08/23/77,***-**-0700,MA
597,Blake,Jimenez,09/10/77,***-**-3810,KS
628,Michael,Garcia,11/05/80,***-**-4294,IL
610,Jermaine,Quinn,12/24/89,***-**-1754,CA
113,Patricia,Cruz,04/22/76,***-**-3822,IN
235,Cameron,Mcintosh,02/01/75,***-**-8921,NV
21,Michelle,Brewer,06/10/88,***-**-6836,OK
362,Hannah,Nolan,09/15/78,***-**-1332,OK
368,Erica,Johnson,05/27/78,***-**-9413,LA
323,Jeremy,Obrien,01/13/82,***-**-7592,OR
